floor,A,B,C,O,symbol,bid_size,bid_price,ask_size,ask_price
03:00:00.000000000,0.99,,,,SPXW__220302P04390000,5,83.60,1,93.10
03:01:00.000000000,1.00,,,,SPXW__220302P04390000,4,86.90,4,90.60
03:02:00.000000000,1.00,,,,SPXW__220302P04390000,4,89.80,4,93.30
03:03:00.000000000,1.00,,,,SPXW__220302P04390000,4,91.30,4,95.00
03:04:00.000000000,1.00,,,,SPXW__220302P04390000,15,92.50,4,96.30
03:05:00.000000000,1.00,,,,SPXW__220302P04390000,4,94.50,4,98.00
03:06:00.000000000,1.00,,,,SPXW__220302P04390000,4,101.00,4,104.40
03:07:00.000000000,1.00,,,,SPXW__220302P04390000,4,100.50,4,104.20
03:08:00.000000000,1.00,,,,SPXW__220302P04390000,11,98.20,11,102.30
03:09:00.000000000,1.00,,,,SPXW__220302P04390000,4,99.40,4,103.20
03:10:00.000000000,1.00,,,,SPXW__220302P04390000,4,93.20,4,97.20
03:11:00.000000000,1.00,,,,SPXW__220302P04390000,4,90.70,4,94.50
03:12:00.000000000,1.00,,,,SPXW__220302P04390000,5,89.30,1,98.20
03:13:00.000000000,1.00,,,,SPXW__220302P04390000,4,91.50,4,95.50
03:14:00.000000000,1.00,,,,SPXW__220302P04390000,1,88.20,5,98.00
03:15:00.000000000,1.00,,,,SPXW__220302P04390000,11,89.10,11,93.30
03:16:00.000000000,1.00,,,,SPXW__220302P04390000,4,84.00,4,87.70
03:17:00.000000000,1.00,,,,SPXW__220302P04390000,4,82.50,4,86.00
03:18:00.000000000,1.00,,,,SPXW__220302P04390000,4,81.90,4,85.80
03:19:00.000000000,1.00,,,,SPXW__220302P04390000,4,80.90,4,84.40
03:20:00.000000000,1.00,,,,SPXW__220302P04390000,4,79.60,4,83.00
03:21:00.000000000,1.00,,,,SPXW__220302P04390000,4,82.00,4,85.10
03:22:00.000000000,1.00,,,,SPXW__220302P04390000,1,75.50,5,84.50
03:23:00.000000000,1.00,,,,SPXW__220302P04390000,15,75.10,4,78.20
03:24:00.000000000,1.00,,,,SPXW__220302P04390000,1,72.90,3,81.40
03:25:00.000000000,1.00,,,,SPXW__220302P04390000,11,75.50,11,78.90
03:26:00.000000000,1.00,,,,SPXW__220302P04390000,4,77.00,4,80.10
03:27:00.000000000,1.00,,,,SPXW__220302P04390000,4,74.90,4,78.20
03:28:00.000000000,1.00,,,,SPXW__220302P04390000,15,76.10,4,79.40
03:29:00.000000000,1.00,,,,SPXW__220302P04390000,15,77.70,4,80.80
03:30:00.000000000,1.00,,,,SPXW__220302P04390000,4,77.90,15,81.10
03:31:00.000000000,1.00,,,,SPXW__220302P04390000,4,75.30,4,78.50
03:32:00.000000000,1.00,,,,SPXW__220302P04390000,11,76.90,11,80.50
03:33:00.000000000,1.00,,,,SPXW__220302P04390000,4,77.30,4,80.30
03:34:00.000000000,1.00,,,,SPXW__220302P04390000,4,77.70,4,81.00
03:35:00.000000000,1.00,,,,SPXW__220302P04390000,4,78.40,4,81.40
03:36:00.000000000,1.00,,,,SPXW__220302P04390000,4,79.60,4,82.90
03:37:00.000000000,1.00,,,,SPXW__220302P04390000,4,81.50,4,84.50
03:38:00.000000000,1.00,,,,SPXW__220302P04390000,4,78.60,4,81.70
03:39:00.000000000,1.00,,,,SPXW__220302P04390000,4,78.90,4,82.20
03:40:00.000000000,1.00,,,,SPXW__220302P04390000,4,80.00,4,82.90
03:41:00.000000000,1.00,,,,SPXW__220302P04390000,4,79.10,4,82.20
03:42:00.000000000,1.00,,,,SPXW__220302P04390000,4,84.20,4,87.30
03:43:00.000000000,1.00,,,,SPXW__220302P04390000,4,86.20,4,89.00
03:44:00.000000000,1.00,,,,SPXW__220302P04390000,4,85.90,4,89.20
03:45:00.000000000,1.00,,,,SPXW__220302P04390000,11,87.90,11,91.60
03:46:00.000000000,1.00,,,,SPXW__220302P04390000,4,85.40,4,88.50
03:47:00.000000000,1.00,,,,SPXW__220302P04390000,4,86.00,4,89.10
03:48:00.000000000,1.00,,,,SPXW__220302P04390000,4,87.90,4,90.80
03:49:00.000000000,1.00,,,,SPXW__220302P04390000,4,86.70,4,89.80
03:50:00.000000000,1.00,,,,SPXW__220302P04390000,4,85.20,4,88.10
03:51:00.000000000,1.00,,,,SPXW__220302P04390000,4,86.50,4,89.80
03:52:00.000000000,1.00,,,,SPXW__220302P04390000,4,87.90,4,91.00
03:53:00.000000000,1.00,,,,SPXW__220302P04390000,4,91.50,4,95.00
03:54:00.000000000,1.00,,,,SPXW__220302P04390000,11,91.30,11,95.10
03:55:00.000000000,1.00,,,,SPXW__220302P04390000,4,90.10,15,93.30
03:56:00.000000000,1.00,,,,SPXW__220302P04390000,4,92.30,4,95.20
03:57:00.000000000,1.00,,,,SPXW__220302P04390000,11,90.40,11,94.30
03:58:00.000000000,1.00,,,,SPXW__220302P04390000,4,90.10,4,93.00
03:59:00.000000000,1.00,,,,SPXW__220302P04390000,4,91.40,4,94.80
04:00:00.000000000,1.00,,,,SPXW__220302P04390000,4,95.00,4,98.30
04:01:00.000000000,1.00,,,,SPXW__220302P04390000,4,94.60,4,97.80
04:02:00.000000000,1.00,,,,SPXW__220302P04390000,5,91.30,1,100.90
04:03:00.000000000,1.00,,,,SPXW__220302P04390000,4,95.30,15,98.50
04:04:00.000000000,1.00,,,,SPXW__220302P04390000,4,94.10,4,97.30
04:05:00.000000000,1.00,,,,SPXW__220302P04390000,4,89.40,4,92.60
04:06:00.000000000,1.00,,,,SPXW__220302P04390000,4,87.90,4,90.70
04:07:00.000000000,1.00,,,,SPXW__220302P04390000,4,85.80,4,88.50
04:08:00.000000000,1.00,,,,SPXW__220302P04390000,4,88.40,4,91.60
04:09:00.000000000,1.00,,,,SPXW__220302P04390000,4,85.30,15,88.50
04:10:00.000000000,1.00,,,,SPXW__220302P04390000,4,84.10,15,87.00
04:11:00.000000000,1.00,,,,SPXW__220302P04390000,4,81.00,4,83.90
04:12:00.000000000,1.00,,,,SPXW__220302P04390000,4,81.40,4,84.40
04:13:00.000000000,1.00,,,,SPXW__220302P04390000,4,79.80,4,83.00
04:14:00.000000000,1.00,,,,SPXW__220302P04390000,4,81.40,15,85.10
04:15:00.000000000,1.00,,,,SPXW__220302P04390000,4,79.50,15,82.50
04:16:00.000000000,1.00,,,,SPXW__220302P04390000,4,80.90,4,83.90
04:17:00.000000000,1.00,,,,SPXW__220302P04390000,4,81.20,4,84.40
04:18:00.000000000,1.00,,,,SPXW__220302P04390000,4,80.70,15,83.60
04:19:00.000000000,1.00,,,,SPXW__220302P04390000,4,81.70,11,84.50
04:20:00.000000000,1.00,,,,SPXW__220302P04390000,4,82.30,15,85.50
04:21:00.000000000,1.00,,,,SPXW__220302P04390000,4,82.30,4,85.50
04:22:00.000000000,1.00,,,,SPXW__220302P04390000,4,82.80,4,85.80
04:23:00.000000000,1.00,,,,SPXW__220302P04390000,4,85.20,4,88.20
04:24:00.000000000,1.00,,,,SPXW__220302P04390000,4,87.40,4,90.40
04:25:00.000000000,1.00,,,,SPXW__220302P04390000,4,85.70,4,88.70
04:26:00.000000000,1.00,,,,SPXW__220302P04390000,4,86.70,4,90.10
04:27:00.000000000,1.00,,,,SPXW__220302P04390000,11,88.30,11,92.20
04:28:00.000000000,1.00,,,,SPXW__220302P04390000,4,87.90,4,91.30
04:29:00.000000000,1.00,,,,SPXW__220302P04390000,4,84.20,3,91.20
04:30:00.000000000,1.00,,,,SPXW__220302P04390000,1,63.70,1,73.70
04:31:00.000000000,1.00,,,,SPXW__220302P04390000,4,66.90,4,69.90
04:32:00.000000000,1.00,,,,SPXW__220302P04390000,15,73.80,4,77.00
04:33:00.000000000,1.00,,,,SPXW__220302P04390000,4,71.60,4,74.80
04:34:00.000000000,1.00,,,,SPXW__220302P04390000,4,72.00,4,75.00
04:35:00.000000000,1.00,,,,SPXW__220302P04390000,15,72.40,11,75.70
04:36:00.000000000,1.00,,,,SPXW__220302P04390000,11,72.30,11,75.60
04:37:00.000000000,1.00,,,,SPXW__220302P04390000,11,70.30,11,73.50
04:38:00.000000000,1.00,,,,SPXW__220302P04390000,4,71.30,4,74.40
04:39:00.000000000,1.00,,,,SPXW__220302P04390000,4,70.40,15,73.30
04:40:00.000000000,1.00,,,,SPXW__220302P04390000,4,70.10,4,73.20
04:41:00.000000000,1.00,,,,SPXW__220302P04390000,4,70.10,11,72.80
04:42:00.000000000,1.00,,,,SPXW__220302P04390000,4,68.30,11,71.30
04:43:00.000000000,1.00,,,,SPXW__220302P04390000,4,68.10,15,71.00
04:44:00.000000000,1.00,,,,SPXW__220302P04390000,11,68.40,11,71.50
04:45:00.000000000,1.00,,,,SPXW__220302P04390000,4,69.20,4,72.10
04:46:00.000000000,1.00,,,,SPXW__220302P04390000,4,67.40,4,70.30
04:47:00.000000000,1.00,,,,SPXW__220302P04390000,4,64.40,4,67.20
04:48:00.000000000,1.00,,,,SPXW__220302P04390000,4,60.20,4,62.00
04:49:00.000000000,1.00,,,,SPXW__220302P04390000,4,59.50,4,61.70
04:50:00.000000000,1.00,,,,SPXW__220302P04390000,4,56.90,4,59.10
04:51:00.000000000,1.00,,,,SPXW__220302P04390000,4,58.70,4,61.20
04:52:00.000000000,1.00,,,,SPXW__220302P04390000,4,59.50,4,61.50
04:53:00.000000000,1.00,,,,SPXW__220302P04390000,4,63.10,4,65.20
04:54:00.000000000,1.00,,,,SPXW__220302P04390000,4,61.60,4,63.70
04:55:00.000000000,1.00,,,,SPXW__220302P04390000,4,60.70,4,62.90
04:56:00.000000000,1.00,,,,SPXW__220302P04390000,4,62.20,4,64.10
04:57:00.000000000,1.00,,,,SPXW__220302P04390000,4,60.90,4,62.60
04:58:00.000000000,1.00,,,,SPXW__220302P04390000,4,60.90,4,62.90
04:59:00.000000000,1.00,,,,SPXW__220302P04390000,4,61.60,4,63.60
05:00:00.000000000,1.00,,,,SPXW__220302P04390000,4,60.90,4,63.00
05:01:00.000000000,1.00,,,,SPXW__220302P04390000,4,62.30,4,64.30
05:02:00.000000000,1.00,,,,SPXW__220302P04390000,4,61.50,4,63.70
05:03:00.000000000,1.00,,,,SPXW__220302P04390000,4,61.90,4,63.80
05:04:00.000000000,1.00,,,,SPXW__220302P04390000,4,63.90,4,66.80
05:05:00.000000000,1.00,,,,SPXW__220302P04390000,4,64.10,11,66.70
05:06:00.000000000,1.00,,,,SPXW__220302P04390000,4,63.80,11,66.50
05:07:00.000000000,1.00,,,,SPXW__220302P04390000,4,63.30,4,65.90
05:08:00.000000000,1.00,,,,SPXW__220302P04390000,4,62.30,4,64.40
05:09:00.000000000,1.00,,,,SPXW__220302P04390000,11,60.90,11,63.80
05:10:00.000000000,1.00,,,,SPXW__220302P04390000,4,62.30,4,64.20
05:11:00.000000000,1.00,,,,SPXW__220302P04390000,15,62.40,11,65.30
05:12:00.000000000,1.00,,,,SPXW__220302P04390000,4,61.90,4,64.00
05:13:00.000000000,1.00,,,,SPXW__220302P04390000,11,60.00,11,62.80
05:14:00.000000000,1.00,,,,SPXW__220302P04390000,4,60.50,4,62.70
05:15:00.000000000,1.00,,,,SPXW__220302P04390000,4,60.10,4,62.10
05:16:00.000000000,1.00,,,,SPXW__220302P04390000,4,60.10,4,61.90
05:17:00.000000000,1.00,,,,SPXW__220302P04390000,4,56.00,4,58.10
05:18:00.000000000,1.00,,,,SPXW__220302P04390000,4,54.60,4,56.80
05:19:00.000000000,1.00,,,,SPXW__220302P04390000,4,57.30,4,59.30
05:20:00.000000000,1.00,,,,SPXW__220302P04390000,4,57.20,4,59.00
05:21:00.000000000,1.00,,,,SPXW__220302P04390000,4,57.20,4,58.90
05:22:00.000000000,1.00,,,,SPXW__220302P04390000,4,58.00,4,59.60
05:23:00.000000000,1.00,,,,SPXW__220302P04390000,4,58.40,4,60.40
05:24:00.000000000,1.00,,,,SPXW__220302P04390000,4,57.90,4,59.80
05:25:00.000000000,1.00,,,,SPXW__220302P04390000,4,57.60,4,59.50
05:26:00.000000000,1.00,,,,SPXW__220302P04390000,4,57.90,4,59.80
05:27:00.000000000,1.00,,,,SPXW__220302P04390000,4,59.90,4,61.80
05:28:00.000000000,1.00,,,,SPXW__220302P04390000,4,59.70,4,61.60
05:29:00.000000000,1.00,,,,SPXW__220302P04390000,4,59.60,4,61.40
05:30:00.000000000,1.00,,,,SPXW__220302P04390000,4,60.50,4,62.60
05:31:00.000000000,1.00,,,,SPXW__220302P04390000,4,60.40,4,62.30
05:32:00.000000000,1.00,,,,SPXW__220302P04390000,4,60.00,4,61.90
05:33:00.000000000,1.00,,,,SPXW__220302P04390000,4,61.50,4,63.20
05:34:00.000000000,1.00,,,,SPXW__220302P04390000,4,61.70,4,63.50
05:35:00.000000000,1.00,,,,SPXW__220302P04390000,4,61.60,4,63.50
05:36:00.000000000,1.00,,,,SPXW__220302P04390000,4,60.10,4,62.00
05:37:00.000000000,1.00,,,,SPXW__220302P04390000,15,61.70,11,64.60
05:38:00.000000000,1.00,,,,SPXW__220302P04390000,4,62.40,4,65.10
05:39:00.000000000,1.00,,,,SPXW__220302P04390000,4,61.10,4,62.70
05:40:00.000000000,1.00,,,,SPXW__220302P04390000,4,61.00,4,62.90
05:41:00.000000000,1.00,,,,SPXW__220302P04390000,4,58.60,4,60.50
05:42:00.000000000,1.00,,,,SPXW__220302P04390000,4,59.60,4,61.50
05:43:00.000000000,1.00,,,,SPXW__220302P04390000,4,63.30,4,65.80
05:44:00.000000000,1.00,,,,SPXW__220302P04390000,4,61.50,4,64.00
05:45:00.000000000,1.00,,,,SPXW__220302P04390000,4,61.30,4,63.30
05:46:00.000000000,1.00,,,,SPXW__220302P04390000,4,61.70,4,63.50
05:47:00.000000000,1.00,,,,SPXW__220302P04390000,4,62.70,11,65.10
05:48:00.000000000,1.00,,,,SPXW__220302P04390000,4,64.70,1,70.60
05:49:00.000000000,1.00,,,,SPXW__220302P04390000,4,65.10,15,67.70
05:50:00.000000000,1.00,,,,SPXW__220302P04390000,4,67.30,4,69.70
05:51:00.000000000,1.00,,,,SPXW__220302P04390000,34,68.20,45,70.80
05:52:00.000000000,1.00,,,,SPXW__220302P04390000,4,66.90,4,69.50
05:53:00.000000000,1.00,,,,SPXW__220302P04390000,33,67.80,34,70.40
05:54:00.000000000,1.00,,,,SPXW__220302P04390000,30,66.80,30,69.40
05:55:00.000000000,1.00,,,,SPXW__220302P04390000,11,64.50,11,67.70
05:56:00.000000000,1.00,,,,SPXW__220302P04390000,4,65.90,15,68.70
05:57:00.000000000,1.00,,,,SPXW__220302P04390000,4,66.10,4,68.70
05:58:00.000000000,1.00,,,,SPXW__220302P04390000,4,65.80,15,68.70
05:59:00.000000000,1.00,,,,SPXW__220302P04390000,34,64.30,34,66.90
06:00:00.000000000,1.00,,,,SPXW__220302P04390000,4,64.40,4,67.00
06:01:00.000000000,1.00,,,,SPXW__220302P04390000,34,64.60,34,67.20
06:02:00.000000000,1.00,,,,SPXW__220302P04390000,4,65.90,15,68.50
06:03:00.000000000,1.00,,,,SPXW__220302P04390000,4,63.80,4,66.20
06:04:00.000000000,1.00,,,,SPXW__220302P04390000,4,66.10,15,68.70
06:05:00.000000000,1.00,,,,SPXW__220302P04390000,4,64.70,4,67.60
06:06:00.000000000,1.00,,,,SPXW__220302P04390000,31,68.10,34,70.30
06:07:00.000000000,1.00,,,,SPXW__220302P04390000,4,63.60,4,66.40
06:08:00.000000000,1.00,,,,SPXW__220302P04390000,34,63.60,34,66.20
06:09:00.000000000,1.00,,,,SPXW__220302P04390000,34,63.60,37,66.40
06:10:00.000000000,1.00,,,,SPXW__220302P04390000,4,63.30,15,66.20
06:11:00.000000000,1.00,,,,SPXW__220302P04390000,34,64.00,41,66.70
06:12:00.000000000,1.00,,,,SPXW__220302P04390000,34,61.40,34,63.80
06:13:00.000000000,1.00,,,,SPXW__220302P04390000,34,60.90,41,63.40
06:14:00.000000000,1.00,,,,SPXW__220302P04390000,34,61.80,41,64.40
06:15:00.000000000,1.00,,,,SPXW__220302P04390000,4,64.30,15,66.70
06:16:00.000000000,1.00,,,,SPXW__220302P04390000,4,64.30,11,66.90
06:17:00.000000000,1.00,,,,SPXW__220302P04390000,11,64.50,11,67.70
06:18:00.000000000,1.00,,,,SPXW__220302P04390000,34,65.60,45,68.20
06:19:00.000000000,1.00,,,,SPXW__220302P04390000,34,65.10,34,67.80
06:20:00.000000000,1.00,,,,SPXW__220302P04390000,34,65.10,33,67.70
06:21:00.000000000,1.00,,,,SPXW__220302P04390000,34,65.30,30,67.70
06:22:00.000000000,1.00,,,,SPXW__220302P04390000,4,65.30,4,68.00
06:23:00.000000000,1.00,,,,SPXW__220302P04390000,34,64.90,34,67.50
06:24:00.000000000,1.00,,,,SPXW__220302P04390000,34,64.20,11,66.60
06:25:00.000000000,1.00,,,,SPXW__220302P04390000,34,60.50,34,63.30
06:26:00.000000000,1.00,,,,SPXW__220302P04390000,4,61.60,4,64.40
06:27:00.000000000,1.00,,,,SPXW__220302P04390000,34,60.80,34,63.50
06:28:00.000000000,1.00,,,,SPXW__220302P04390000,4,61.40,4,63.70
06:29:00.000000000,1.00,,,,SPXW__220302P04390000,4,59.30,4,61.00
06:30:00.000000000,1.00,,,,SPXW__220302P04390000,4,58.40,4,60.20
06:31:00.000000000,1.00,,,,SPXW__220302P04390000,4,58.00,4,59.80
06:32:00.000000000,1.00,,,,SPXW__220302P04390000,4,57.30,4,59.20
06:33:00.000000000,1.00,,,,SPXW__220302P04390000,4,59.30,4,61.00
06:34:00.000000000,1.00,,,,SPXW__220302P04390000,4,58.20,4,60.00
06:35:00.000000000,1.00,,,,SPXW__220302P04390000,11,57.70,11,61.20
06:36:00.000000000,1.00,,,,SPXW__220302P04390000,4,57.40,4,59.20
06:37:00.000000000,1.00,,,,SPXW__220302P04390000,4,57.40,4,59.20
06:38:00.000000000,1.00,,,,SPXW__220302P04390000,15,59.50,15,61.00
06:39:00.000000000,1.00,,,,SPXW__220302P04390000,8,60.20,29,61.80
06:40:00.000000000,1.00,,,,SPXW__220302P04390000,4,59.30,4,60.90
06:41:00.000000000,1.00,,,,SPXW__220302P04390000,4,60.00,4,61.50
06:42:00.000000000,1.00,,,,SPXW__220302P04390000,4,61.10,4,62.90
06:43:00.000000000,1.00,,,,SPXW__220302P04390000,4,63.10,4,65.50
06:44:00.000000000,1.00,,,,SPXW__220302P04390000,14,61.40,15,62.90
06:45:00.000000000,1.00,,,,SPXW__220302P04390000,20,61.00,17,62.80
06:46:00.000000000,1.00,,,,SPXW__220302P04390000,17,60.10,19,61.80
06:47:00.000000000,1.00,,,,SPXW__220302P04390000,18,60.60,16,62.20
06:48:00.000000000,1.00,,,,SPXW__220302P04390000,4,61.00,4,62.70
06:49:00.000000000,1.00,,,,SPXW__220302P04390000,4,62.00,11,65.00
06:50:00.000000000,1.00,,,,SPXW__220302P04390000,4,63.30,41,65.70
06:51:00.000000000,1.00,,,,SPXW__220302P04390000,4,62.60,4,64.90
06:52:00.000000000,1.00,,,,SPXW__220302P04390000,34,62.20,34,64.60
06:53:00.000000000,1.00,,,,SPXW__220302P04390000,30,62.60,34,65.00
06:54:00.000000000,1.00,,,,SPXW__220302P04390000,34,60.80,34,63.20
06:55:00.000000000,1.00,,,,SPXW__220302P04390000,4,60.30,4,62.50
06:56:00.000000000,1.00,,,,SPXW__220302P04390000,34,60.00,34,62.50
06:57:00.000000000,1.00,,,,SPXW__220302P04390000,34,60.70,30,63.10
06:58:00.000000000,1.00,,,,SPXW__220302P04390000,4,59.50,4,61.90
06:59:00.000000000,1.00,,,,SPXW__220302P04390000,30,60.40,30,62.90
07:00:00.000000000,1.00,,,,SPXW__220302P04390000,4,61.50,4,64.10
07:01:00.000000000,1.00,,,,SPXW__220302P04390000,4,62.80,4,65.30
07:02:00.000000000,1.00,,,,SPXW__220302P04390000,4,60.60,4,62.80
07:03:00.000000000,1.00,,,,SPXW__220302P04390000,4,60.20,4,62.40
07:04:00.000000000,1.00,,,,SPXW__220302P04390000,4,59.50,4,61.70
07:05:00.000000000,1.00,,,,SPXW__220302P04390000,4,58.80,4,61.00
07:06:00.000000000,1.00,,,,SPXW__220302P04390000,4,58.90,4,61.30
07:07:00.000000000,1.00,,,,SPXW__220302P04390000,4,59.30,4,61.50
07:08:00.000000000,1.00,,,,SPXW__220302P04390000,4,60.80,4,63.00
07:09:00.000000000,1.00,,,,SPXW__220302P04390000,4,60.80,4,63.30
07:10:00.000000000,1.00,,,,SPXW__220302P04390000,4,59.10,4,61.50
07:11:00.000000000,1.00,,,,SPXW__220302P04390000,4,58.30,4,60.10
07:12:00.000000000,1.00,,,,SPXW__220302P04390000,4,58.30,4,60.00
07:13:00.000000000,1.00,,,,SPXW__220302P04390000,4,57.30,4,59.00
07:14:00.000000000,1.00,,,,SPXW__220302P04390000,4,56.80,4,58.40
07:15:00.000000000,1.00,,,,SPXW__220302P04390000,4,56.90,4,58.60
07:16:00.000000000,1.00,,,,SPXW__220302P04390000,4,56.40,4,58.10
07:17:00.000000000,1.00,,,,SPXW__220302P04390000,4,55.80,4,57.40
07:18:00.000000000,1.00,,,,SPXW__220302P04390000,4,56.10,4,57.50
07:19:00.000000000,1.00,,,,SPXW__220302P04390000,4,59.70,4,61.30
07:20:00.000000000,1.00,,,,SPXW__220302P04390000,4,60.70,4,62.90
07:21:00.000000000,1.00,,,,SPXW__220302P04390000,32,62.20,34,64.40
07:22:00.000000000,1.00,,,,SPXW__220302P04390000,4,63.00,4,65.30
07:23:00.000000000,1.00,,,,SPXW__220302P04390000,4,62.40,4,64.90
07:24:00.000000000,1.00,,,,SPXW__220302P04390000,4,61.80,4,64.30
07:25:00.000000000,1.00,,,,SPXW__220302P04390000,4,62.40,4,65.10
07:26:00.000000000,1.00,,,,SPXW__220302P04390000,4,63.50,4,66.20
07:27:00.000000000,1.00,,,,SPXW__220302P04390000,34,64.10,34,66.60
07:28:00.000000000,1.00,,,,SPXW__220302P04390000,4,63.60,4,66.20
07:29:00.000000000,1.00,,,,SPXW__220302P04390000,32,63.60,34,65.90
07:30:00.000000000,1.00,,,,SPXW__220302P04390000,4,69.80,1,74.60
07:31:00.000000000,1.00,,,,SPXW__220302P04390000,4,68.00,4,71.20
07:32:00.000000000,1.00,,,,SPXW__220302P04390000,1,63.90,1,72.10
07:33:00.000000000,1.00,,,,SPXW__220302P04390000,34,67.70,34,70.40
07:34:00.000000000,1.00,,,,SPXW__220302P04390000,4,69.10,4,72.00
07:35:00.000000000,1.00,,,,SPXW__220302P04390000,4,67.40,4,70.60
07:36:00.000000000,1.00,,,,SPXW__220302P04390000,34,68.80,34,71.80
07:37:00.000000000,1.00,,,,SPXW__220302P04390000,4,68.40,4,71.40
07:38:00.000000000,1.00,,,,SPXW__220302P04390000,34,67.70,34,70.50
07:39:00.000000000,1.00,,,,SPXW__220302P04390000,4,67.50,4,70.50
07:40:00.000000000,1.00,,,,SPXW__220302P04390000,34,65.60,34,68.40
07:41:00.000000000,1.00,,,,SPXW__220302P04390000,11,66.00,11,70.00
07:42:00.000000000,1.00,,,,SPXW__220302P04390000,4,66.50,15,69.80
07:43:00.000000000,1.00,,,,SPXW__220302P04390000,34,67.70,34,70.40
07:44:00.000000000,1.00,,,,SPXW__220302P04390000,4,69.50,4,72.00
07:45:00.000000000,1.00,,,,SPXW__220302P04390000,4,68.60,4,71.30
07:46:00.000000000,1.00,,,,SPXW__220302P04390000,4,68.50,4,71.30
07:47:00.000000000,1.00,,,,SPXW__220302P04390000,4,67.90,4,71.00
07:48:00.000000000,1.00,,,,SPXW__220302P04390000,34,68.50,34,71.30
07:49:00.000000000,1.00,,,,SPXW__220302P04390000,34,68.30,34,71.00
07:50:00.000000000,1.00,,,,SPXW__220302P04390000,34,66.90,34,69.90
07:51:00.000000000,1.00,,,,SPXW__220302P04390000,34,65.20,34,68.00
07:52:00.000000000,1.00,,,,SPXW__220302P04390000,33,64.80,33,67.80
07:53:00.000000000,1.00,,,,SPXW__220302P04390000,33,64.60,33,67.90
07:54:00.000000000,1.00,,,,SPXW__220302P04390000,11,64.00,11,68.00
07:55:00.000000000,1.00,,,,SPXW__220302P04390000,40,63.60,44,68.00
07:56:00.000000000,1.00,,,,SPXW__220302P04390000,33,63.70,33,66.60
07:57:00.000000000,1.00,,,,SPXW__220302P04390000,4,64.60,40,67.40
07:58:00.000000000,1.00,,,,SPXW__220302P04390000,33,63.90,33,66.80
07:59:00.000000000,1.00,,,,SPXW__220302P04390000,4,63.00,4,65.90
08:00:00.000000000,0.97,,,,SPXW__220302P04390000,4,64.60,11,67.60
08:01:00.000000000,1.00,,,,SPXW__220302P04390000,4,66.10,15,69.30
08:02:00.000000000,1.00,,,,SPXW__220302P04390000,33,63.80,33,67.00
08:03:00.000000000,1.00,,,,SPXW__220302P04390000,4,65.20,4,68.10
08:04:00.000000000,1.00,,,,SPXW__220302P04390000,33,64.90,33,67.80
08:05:00.000000000,1.00,,,,SPXW__220302P04390000,33,65.60,33,69.00
08:06:00.000000000,1.00,,,,SPXW__220302P04390000,4,64.70,4,67.60
08:07:00.000000000,1.00,,,,SPXW__220302P04390000,4,64.70,4,67.60
08:08:00.000000000,1.00,,,,SPXW__220302P04390000,29,68.80,29,71.70
08:09:00.000000000,1.00,,,,SPXW__220302P04390000,33,67.40,33,70.30
08:10:00.000000000,1.00,,,,SPXW__220302P04390000,11,67.60,11,71.60
08:11:00.000000000,1.00,,,,SPXW__220302P04390000,4,69.00,4,71.70
08:12:00.000000000,1.00,,,,SPXW__220302P04390000,33,72.00,33,74.70
08:13:00.000000000,1.00,,,,SPXW__220302P04390000,33,70.70,33,73.80
08:14:00.000000000,1.00,,,,SPXW__220302P04390000,4,71.90,4,75.00
08:15:00.000000000,1.00,,,,SPXW__220302P04390000,11,70.90,11,75.00
08:16:00.000000000,1.00,,,,SPXW__220302P04390000,33,73.80,33,76.90
08:17:00.000000000,1.00,,,,SPXW__220302P04390000,4,73.60,4,76.40
08:18:00.000000000,1.00,,,,SPXW__220302P04390000,4,73.00,4,76.00
08:19:00.000000000,1.00,,,,SPXW__220302P04390000,4,73.70,4,76.80
08:20:00.000000000,1.00,,,,SPXW__220302P04390000,29,70.70,29,73.40
08:21:00.000000000,1.00,,,,SPXW__220302P04390000,4,73.10,4,76.00
08:22:00.000000000,1.00,,,,SPXW__220302P04390000,4,72.40,4,75.30
08:23:00.000000000,1.00,,,,SPXW__220302P04390000,32,72.60,33,75.50
08:24:00.000000000,1.00,,,,SPXW__220302P04390000,11,69.80,11,74.10
08:25:00.000000000,1.00,,,,SPXW__220302P04390000,33,70.40,33,73.30
08:26:00.000000000,1.00,,,,SPXW__220302P04390000,4,69.30,3,72.10
08:27:00.000000000,1.00,,,,SPXW__220302P04390000,4,70.00,7,72.70
08:28:00.000000000,1.00,,,,SPXW__220302P04390000,33,67.60,32,70.70
08:29:00.000000000,1.00,,,,SPXW__220302P04390000,4,67.80,3,70.60
08:30:00.000000000,0.97,,,,SPXW__220302P04390000,4,69.40,3,72.60
08:31:00.000000000,1.00,,,,SPXW__220302P04390000,3,71.20,3,74.70
08:32:00.000000000,1.00,,,,SPXW__220302P04390000,33,70.40,32,73.40
08:33:00.000000000,1.00,,,,SPXW__220302P04390000,33,71.90,29,74.90
08:34:00.000000000,1.00,,,,SPXW__220302P04390000,33,75.30,33,78.70
08:35:00.000000000,1.00,,,,SPXW__220302P04390000,4,76.20,4,79.60
08:36:00.000000000,1.00,,,,SPXW__220302P04390000,31,76.10,31,79.20
08:37:00.000000000,1.00,,,,SPXW__220302P04390000,7,72.30,1,81.80
08:38:00.000000000,1.00,,,,SPXW__220302P04390000,6,76.90,6,80.20
08:39:00.000000000,1.00,,,,SPXW__220302P04390000,6,75.50,6,79.10
08:40:00.000000000,1.00,,,,SPXW__220302P04390000,5,73.20,1,81.80
08:41:00.000000000,1.00,,,,SPXW__220302P04390000,2,76.30,4,79.10
08:42:00.000000000,1.00,,,,SPXW__220302P04390000,6,76.30,6,79.40
08:43:00.000000000,1.00,,,,SPXW__220302P04390000,6,76.90,6,80.20
08:44:00.000000000,1.00,,,,SPXW__220302P04390000,6,76.30,6,79.90
08:45:00.000000000,1.00,,,,SPXW__220302P04390000,11,75.50,7,78.60
08:46:00.000000000,1.00,,,,SPXW__220302P04390000,4,77.90,4,81.20
08:47:00.000000000,1.00,,,,SPXW__220302P04390000,7,78.50,2,81.40
08:48:00.000000000,1.00,,,,SPXW__220302P04390000,6,77.20,7,79.80
08:49:00.000000000,1.00,,,,SPXW__220302P04390000,24,77.20,25,79.90
08:50:00.000000000,1.00,,,,SPXW__220302P04390000,24,74.00,24,77.10
08:51:00.000000000,1.00,,,,SPXW__220302P04390000,24,74.00,24,77.40
08:52:00.000000000,1.00,,,,SPXW__220302P04390000,31,72.50,31,75.80
08:53:00.000000000,1.00,,,,SPXW__220302P04390000,15,74.30,24,77.10
08:54:00.000000000,1.00,,,,SPXW__220302P04390000,31,73.00,31,76.30
08:55:00.000000000,1.00,,,,SPXW__220302P04390000,24,74.30,24,77.60
08:56:00.000000000,1.00,,,,SPXW__220302P04390000,24,73.90,24,77.00
08:57:00.000000000,1.00,,,,SPXW__220302P04390000,1,70.20,13,79.80
08:58:00.000000000,1.00,,,,SPXW__220302P04390000,31,72.90,31,75.80
08:59:00.000000000,1.00,,,,SPXW__220302P04390000,4,70.80,4,73.50
09:00:00.000000000,0.99,,,,SPXW__220302P04390000,31,70.20,31,73.20
09:01:00.000000000,1.00,,,,SPXW__220302P04390000,31,71.30,31,74.10
09:02:00.000000000,1.00,,,,SPXW__220302P04390000,31,70.50,31,73.40
09:03:00.000000000,1.00,,,,SPXW__220302P04390000,31,69.20,31,72.00
09:04:00.000000000,1.00,,,,SPXW__220302P04390000,31,70.20,31,73.00
09:05:00.000000000,1.00,,,,SPXW__220302P04390000,23,69.50,31,72.30
09:06:00.000000000,1.00,,,,SPXW__220302P04390000,31,69.70,31,72.30
09:07:00.000000000,1.00,,,,SPXW__220302P04390000,31,68.60,31,71.50
09:08:00.000000000,1.00,,,,SPXW__220302P04390000,5,70.00,5,72.70
09:09:00.000000000,1.00,,,,SPXW__220302P04390000,1,65.20,5,70.80
09:10:00.000000000,1.00,,,,SPXW__220302P04390000,5,67.70,5,70.30
09:11:00.000000000,1.00,,,,SPXW__220302P04390000,5,67.40,5,69.80
09:12:00.000000000,1.00,,,,SPXW__220302P04390000,36,68.80,32,71.30
09:13:00.000000000,1.00,,,,SPXW__220302P04390000,5,69.40,5,72.00
09:14:00.000000000,1.00,,,,SPXW__220302P04390000,5,68.60,5,71.20
09:15:00.000000000,1.00,,,,SPXW__220302P04390000,0,0.00,0,0.00
09:16:00.000000000,1.00,,,,SPXW__220302P04390000,0,0.00,0,0.00
09:17:00.000000000,1.00,,,,SPXW__220302P04390000,0,0.00,0,0.00
09:18:00.000000000,1.00,,,,SPXW__220302P04390000,0,0.00,0,0.00
09:19:00.000000000,1.00,,,,SPXW__220302P04390000,0,0.00,0,0.00
09:20:00.000000000,1.00,,,,SPXW__220302P04390000,0,0.00,0,0.00
09:21:00.000000000,1.00,,,,SPXW__220302P04390000,0,0.00,0,0.00
09:22:00.000000000,1.00,,,,SPXW__220302P04390000,0,0.00,0,0.00
09:23:00.000000000,1.00,,,,SPXW__220302P04390000,0,0.00,0,0.00
09:24:00.000000000,1.00,,,,SPXW__220302P04390000,0,0.00,0,0.00
09:25:00.000000000,1.00,,,,SPXW__220302P04390000,0,0.00,0,0.00
09:26:00.000000000,1.00,,,,SPXW__220302P04390000,0,0.00,0,0.00
09:27:00.000000000,1.00,,,,SPXW__220302P04390000,0,0.00,0,0.00
09:28:00.000000000,1.00,,,,SPXW__220302P04390000,0,0.00,0,0.00
09:29:00.000000000,1.00,,,,SPXW__220302P04390000,0,0.00,0,0.00
09:30:00.000000000,1.00,,,,SPXW__220302P04390000,1,61.60,1,63.20
09:31:00.000000000,1.00,,,,SPXW__220302P04390000,1,64.90,1,66.40
09:32:00.000000000,1.00,,,,SPXW__220302P04390000,4,62.20,9,64.70
09:33:00.000000000,1.00,,,,SPXW__220302P04390000,5,64.30,5,65.60
09:34:00.000000000,1.00,,,,SPXW__220302P04390000,1,65.80,1,67.30
09:35:00.000000000,1.00,,,,SPXW__220302P04390000,5,66.20,3,69.30
09:36:00.000000000,1.00,,,,SPXW__220302P04390000,1,66.00,1,67.30
09:37:00.000000000,1.00,,,,SPXW__220302P04390000,1,64.40,1,65.80
09:38:00.000000000,1.00,,,,SPXW__220302P04390000,1,63.10,1,64.50
09:39:00.000000000,1.00,,,,SPXW__220302P04390000,1,64.80,1,66.10
09:40:00.000000000,1.00,,,,SPXW__220302P04390000,2,57.50,5,58.80
09:41:00.000000000,1.00,,,,SPXW__220302P04390000,2,57.70,2,59.30
09:42:00.000000000,1.00,,,,SPXW__220302P04390000,5,57.50,34,58.90
09:43:00.000000000,1.00,,,,SPXW__220302P04390000,2,52.30,15,55.80
09:44:00.000000000,1.00,,,,SPXW__220302P04390000,4,51.00,4,52.30
09:45:00.000000000,1.00,,,,SPXW__220302P04390000,32,51.20,5,52.50
09:46:00.000000000,1.00,,,,SPXW__220302P04390000,6,48.40,4,49.70
09:47:00.000000000,0.92,,,0.08,SPXW__220302P04390000,32,46.20,29,47.70
09:48:00.000000000,0.98,,,0.02,SPXW__220302P04390000,4,45.20,4,46.50
09:49:00.000000000,0.74,,,0.26,SPXW__220302P04390000,5,47.90,6,49.00
09:50:00.000000000,0.92,0.07,,0.01,SPXW__220302P04390000,36,46.50,31,47.70
09:51:00.000000000,0.93,0.07,,0.00,SPXW__220302P04390000,5,47.20,5,48.20
09:52:00.000000000,0.98,0.02,,,SPXW__220302P04390000,1,47.00,2,48.30
09:53:00.000000000,0.96,0.03,,0.01,SPXW__220302P04390000,5,49.80,5,51.10
09:54:00.000000000,0.99,0.01,,,SPXW__220302P04390000,13,47.70,2,49.10
09:55:00.000000000,1.00,,,,SPXW__220302P04390000,2,47.60,7,49.10
09:56:00.000000000,0.99,0.01,,,SPXW__220302P04390000,1,57.00,2,57.40
09:57:00.000000000,0.99,0.01,,0.00,SPXW__220302P04390000,32,52.70,5,54.00
09:58:00.000000000,0.99,,,0.01,SPXW__220302P04390000,7,51.40,5,52.90
09:59:00.000000000,1.00,,,,SPXW__220302P04390000,4,51.20,4,53.90
10:00:00.000000000,1.00,,,,SPXW__220302P04390000,5,48.80,2,50.10
10:01:00.000000000,0.91,0.09,,,SPXW__220302P04390000,5,47.50,32,48.90
10:02:00.000000000,1.00,,,,SPXW__220302P04390000,5,44.90,5,47.40
10:03:00.000000000,0.97,,,0.03,SPXW__220302P04390000,30,46.30,27,47.70
10:04:00.000000000,1.00,,,,SPXW__220302P04390000,30,44.00,30,45.20
10:05:00.000000000,1.00,,,,SPXW__220302P04390000,5,46.00,30,47.20
10:06:00.000000000,1.00,,,,SPXW__220302P04390000,5,50.80,32,52.20
10:07:00.000000000,1.00,,,,SPXW__220302P04390000,5,55.20,32,56.50
10:08:00.000000000,1.00,,,,SPXW__220302P04390000,1,59.40,1,61.00
10:09:00.000000000,1.00,,,,SPXW__220302P04390000,1,64.90,1,66.60
10:10:00.000000000,1.00,,,,SPXW__220302P04390000,6,66.50,1,68.10
10:11:00.000000000,1.00,,,,SPXW__220302P04390000,1,64.50,1,66.00
10:12:00.000000000,1.00,,,0.00,SPXW__220302P04390000,1,63.30,1,64.80
10:13:00.000000000,1.00,,,,SPXW__220302P04390000,5,63.50,5,65.70
10:14:00.000000000,1.00,,,,SPXW__220302P04390000,1,67.20,1,68.70
10:15:00.000000000,1.00,,,,SPXW__220302P04390000,6,65.90,1,67.50
10:16:00.000000000,1.00,,,,SPXW__220302P04390000,1,65.90,1,67.60
10:17:00.000000000,1.00,,,,SPXW__220302P04390000,1,66.80,5,68.30
10:18:00.000000000,1.00,,,,SPXW__220302P04390000,1,64.40,1,66.00
10:19:00.000000000,1.00,,,,SPXW__220302P04390000,1,63.50,1,65.20
10:20:00.000000000,1.00,,,,SPXW__220302P04390000,1,59.30,1,61.00
10:21:00.000000000,1.00,,,,SPXW__220302P04390000,1,60.40,1,62.10
10:22:00.000000000,1.00,,,,SPXW__220302P04390000,1,58.00,1,59.50
10:23:00.000000000,1.00,,,,SPXW__220302P04390000,1,59.80,1,61.40
10:24:00.000000000,1.00,,,,SPXW__220302P04390000,1,61.80,1,63.30
10:25:00.000000000,1.00,,,,SPXW__220302P04390000,5,60.60,5,62.90
10:26:00.000000000,1.00,,,,SPXW__220302P04390000,5,64.30,5,66.90
10:27:00.000000000,1.00,,,,SPXW__220302P04390000,5,67.50,1,69.00
10:28:00.000000000,1.00,,,,SPXW__220302P04390000,5,52.50,1,54.60
10:29:00.000000000,1.00,,,,SPXW__220302P04390000,10,44.30,10,49.00
10:30:00.000000000,1.00,,,,SPXW__220302P04390000,25,47.50,2,49.70
10:31:00.000000000,1.00,,,,SPXW__220302P04390000,1,48.40,1,50.50
10:32:00.000000000,1.00,,,,SPXW__220302P04390000,5,49.50,2,51.50
10:33:00.000000000,1.00,,,,SPXW__220302P04390000,5,46.00,5,47.90
10:34:00.000000000,1.00,,,,SPXW__220302P04390000,5,48.70,5,50.50
10:35:00.000000000,1.00,,,,SPXW__220302P04390000,5,46.40,5,48.10
10:36:00.000000000,1.00,,,,SPXW__220302P04390000,6,38.90,2,40.70
10:37:00.000000000,1.00,,,,SPXW__220302P04390000,5,36.90,5,38.30
10:38:00.000000000,1.00,,,,SPXW__220302P04390000,9,36.50,4,38.40
10:39:00.000000000,1.00,,,,SPXW__220302P04390000,2,38.10,2,40.00
10:40:00.000000000,1.00,,,,SPXW__220302P04390000,6,38.70,6,40.60
10:41:00.000000000,1.00,,,,SPXW__220302P04390000,7,40.30,5,42.00
10:42:00.000000000,1.00,,,,SPXW__220302P04390000,2,42.10,2,43.80
10:43:00.000000000,1.00,,,,SPXW__220302P04390000,30,41.10,5,42.60
10:44:00.000000000,1.00,,,,SPXW__220302P04390000,5,41.80,9,43.40
10:45:00.000000000,1.00,,,,SPXW__220302P04390000,5,43.60,5,46.00
10:46:00.000000000,1.00,,,,SPXW__220302P04390000,5,45.90,5,47.50
10:47:00.000000000,1.00,,,,SPXW__220302P04390000,30,45.10,5,46.60
10:48:00.000000000,1.00,,,,SPXW__220302P04390000,4,44.40,5,45.70
10:49:00.000000000,1.00,,,,SPXW__220302P04390000,4,40.10,4,41.80
10:50:00.000000000,1.00,,,,SPXW__220302P04390000,5,41.00,2,42.80
10:51:00.000000000,1.00,,,,SPXW__220302P04390000,5,44.90,5,46.50
10:52:00.000000000,1.00,,,,SPXW__220302P04390000,5,45.50,5,47.10
10:53:00.000000000,1.00,,,,SPXW__220302P04390000,5,45.30,5,50.30
10:54:00.000000000,1.00,,,,SPXW__220302P04390000,30,51.50,5,53.10
10:55:00.000000000,1.00,,,,SPXW__220302P04390000,1,49.20,5,50.70
10:56:00.000000000,1.00,,,,SPXW__220302P04390000,2,45.90,2,47.70
10:57:00.000000000,1.00,,,,SPXW__220302P04390000,2,45.50,5,46.90
10:58:00.000000000,1.00,,,,SPXW__220302P04390000,5,42.90,5,44.40
10:59:00.000000000,1.00,,,,SPXW__220302P04390000,2,43.00,2,44.70
11:00:00.000000000,1.00,,,,SPXW__220302P04390000,5,47.80,30,49.30
11:01:00.000000000,1.00,,,,SPXW__220302P04390000,5,47.00,5,48.30
11:02:00.000000000,1.00,,,,SPXW__220302P04390000,2,39.10,2,41.10
11:03:00.000000000,1.00,,,,SPXW__220302P04390000,5,35.40,5,36.70
11:04:00.000000000,1.00,,,,SPXW__220302P04390000,4,30.90,5,32.20
11:05:00.000000000,1.00,,,,SPXW__220302P04390000,9,30.90,4,32.50
11:06:00.000000000,1.00,,,,SPXW__220302P04390000,5,28.10,27,28.80
11:07:00.000000000,1.00,0.00,,,SPXW__220302P04390000,12,26.90,5,27.40
11:08:00.000000000,1.00,0.00,,,SPXW__220302P04390000,1,25.90,12,26.60
11:09:00.000000000,1.00,0.00,,,SPXW__220302P04390000,7,27.00,1,27.60
11:10:00.000000000,1.00,,,,SPXW__220302P04390000,5,27.70,5,28.30
11:11:00.000000000,1.00,,,,SPXW__220302P04390000,5,27.60,21,28.10
11:12:00.000000000,1.00,,,,SPXW__220302P04390000,9,26.10,6,26.60
11:13:00.000000000,1.00,,,,SPXW__220302P04390000,28,24.80,25,25.50
11:14:00.000000000,1.00,,,,SPXW__220302P04390000,5,24.50,9,25.00
11:15:00.000000000,0.92,0.08,,,SPXW__220302P04390000,6,23.90,6,24.30
11:16:00.000000000,0.93,0.00,0.02,0.05,SPXW__220302P04390000,34,24.50,18,25.00
11:17:00.000000000,0.99,0.01,,,SPXW__220302P04390000,5,24.50,6,24.90
11:18:00.000000000,0.98,0.02,,,SPXW__220302P04390000,5,26.00,7,26.60
11:19:00.000000000,1.00,0.00,,,SPXW__220302P04390000,5,26.00,6,26.50
11:20:00.000000000,0.99,0.01,,,SPXW__220302P04390000,14,25.00,1,25.60
11:21:00.000000000,1.00,,,,SPXW__220302P04390000,6,25.30,6,25.70
11:22:00.000000000,0.97,0.03,,,SPXW__220302P04390000,13,26.90,30,27.50
11:23:00.000000000,0.99,,,0.01,SPXW__220302P04390000,15,28.60,30,29.20
11:24:00.000000000,1.00,,,0.00,SPXW__220302P04390000,23,27.20,19,27.80
11:25:00.000000000,1.00,,,,SPXW__220302P04390000,6,25.50,7,26.10
11:26:00.000000000,1.00,,,,SPXW__220302P04390000,32,24.40,11,25.00
11:27:00.000000000,1.00,,,,SPXW__220302P04390000,7,23.10,12,23.70
11:28:00.000000000,0.99,0.01,,,SPXW__220302P04390000,6,22.00,6,22.50
11:29:00.000000000,0.97,0.02,,0.01,SPXW__220302P04390000,6,25.30,6,26.00
11:30:00.000000000,0.99,0.01,,,SPXW__220302P04390000,6,22.30,6,23.00
11:31:00.000000000,0.96,0.04,,,SPXW__220302P04390000,1,17.70,6,18.30
11:32:00.000000000,1.00,,,,SPXW__220302P04390000,17,16.60,7,17.00
11:33:00.000000000,0.89,0.11,,,SPXW__220302P04390000,3,17.80,16,18.40
11:34:00.000000000,0.91,0.06,,0.02,SPXW__220302P04390000,7,19.00,18,19.60
11:35:00.000000000,0.82,,,0.18,SPXW__220302P04390000,6,22.00,14,22.70
11:36:00.000000000,0.94,,,0.06,SPXW__220302P04390000,5,23.20,5,23.70
11:37:00.000000000,0.98,,,0.02,SPXW__220302P04390000,11,22.90,25,23.50
11:38:00.000000000,1.00,,,,SPXW__220302P04390000,5,22.80,34,23.40
11:39:00.000000000,0.99,,,0.01,SPXW__220302P04390000,5,22.10,24,22.60
11:40:00.000000000,1.00,,,,SPXW__220302P04390000,12,20.70,6,21.10
11:41:00.000000000,1.00,,,,SPXW__220302P04390000,12,23.60,5,24.00
11:42:00.000000000,0.99,,,0.01,SPXW__220302P04390000,32,24.40,5,25.00
11:43:00.000000000,1.00,,,,SPXW__220302P04390000,6,25.20,6,25.70
11:44:00.000000000,1.00,,,,SPXW__220302P04390000,11,28.00,5,28.60
11:45:00.000000000,1.00,,,,SPXW__220302P04390000,20,24.80,24,25.40
11:46:00.000000000,1.00,,,,SPXW__220302P04390000,1,25.10,6,25.50
11:47:00.000000000,1.00,,,,SPXW__220302P04390000,23,23.80,37,24.40
11:48:00.000000000,1.00,,,,SPXW__220302P04390000,1,25.60,6,26.20
11:49:00.000000000,1.00,,,,SPXW__220302P04390000,12,27.30,5,27.70
11:50:00.000000000,1.00,,,,SPXW__220302P04390000,6,25.60,5,26.10
11:51:00.000000000,1.00,,,,SPXW__220302P04390000,37,26.10,37,26.80
11:52:00.000000000,1.00,,,,SPXW__220302P04390000,18,24.80,6,25.30
11:53:00.000000000,1.00,,,,SPXW__220302P04390000,13,24.40,13,25.00
11:54:00.000000000,1.00,,,,SPXW__220302P04390000,12,26.20,11,26.90
11:55:00.000000000,1.00,,,,SPXW__220302P04390000,11,23.40,15,23.90
11:56:00.000000000,0.89,,,0.11,SPXW__220302P04390000,12,23.70,24,24.20
11:57:00.000000000,1.00,,,,SPXW__220302P04390000,6,23.30,6,23.90
11:58:00.000000000,1.00,,,,SPXW__220302P04390000,15,24.00,37,24.60
11:59:00.000000000,1.00,,,,SPXW__220302P04390000,11,23.00,14,23.40
12:00:00.000000000,1.00,,,,SPXW__220302P04390000,25,22.90,41,23.60
12:01:00.000000000,1.00,,,,SPXW__220302P04390000,32,22.00,32,22.60
12:02:00.000000000,0.92,,,0.08,SPXW__220302P04390000,20,20.40,37,20.90
12:03:00.000000000,0.99,,,0.01,SPXW__220302P04390000,5,20.10,6,20.40
12:04:00.000000000,1.00,,,,SPXW__220302P04390000,12,21.60,12,22.10
12:05:00.000000000,1.00,,,0.00,SPXW__220302P04390000,16,24.20,5,24.60
12:06:00.000000000,1.00,,,,SPXW__220302P04390000,4,21.70,4,22.80
12:07:00.000000000,0.99,0.01,,,SPXW__220302P04390000,18,22.20,37,22.90
12:08:00.000000000,0.99,,,0.01,SPXW__220302P04390000,5,20.50,10,20.70
12:09:00.000000000,0.97,,,0.03,SPXW__220302P04390000,23,20.20,6,20.60
12:10:00.000000000,0.93,0.07,,,SPXW__220302P04390000,7,19.60,1,20.10
12:11:00.000000000,0.96,,,0.04,SPXW__220302P04390000,5,18.70,6,19.20
12:12:00.000000000,0.98,,,0.02,SPXW__220302P04390000,12,19.10,27,19.60
12:13:00.000000000,1.00,,,0.00,SPXW__220302P04390000,18,18.60,19,19.10
12:14:00.000000000,1.00,,,,SPXW__220302P04390000,42,18.30,26,18.80
12:15:00.000000000,1.00,,,,SPXW__220302P04390000,27,17.90,6,18.30
12:16:00.000000000,0.97,,,0.03,SPXW__220302P04390000,12,17.10,9,17.70
12:17:00.000000000,0.97,,,0.03,SPXW__220302P04390000,7,18.90,13,19.40
12:18:00.000000000,1.00,,,,SPXW__220302P04390000,15,17.70,23,18.10
12:19:00.000000000,1.00,,,,SPXW__220302P04390000,7,18.30,13,18.80
12:20:00.000000000,1.00,,,,SPXW__220302P04390000,1,18.60,19,19.10
12:21:00.000000000,1.00,,,,SPXW__220302P04390000,12,18.30,6,18.70
12:22:00.000000000,1.00,,,,SPXW__220302P04390000,19,18.00,39,18.40
12:23:00.000000000,1.00,,,,SPXW__220302P04390000,30,19.40,6,19.80
12:24:00.000000000,1.00,,,,SPXW__220302P04390000,25,20.90,5,21.30
12:25:00.000000000,1.00,,,,SPXW__220302P04390000,21,21.70,30,22.20
12:26:00.000000000,1.00,,,,SPXW__220302P04390000,31,22.40,6,23.10
12:27:00.000000000,1.00,,,,SPXW__220302P04390000,18,21.30,22,21.80
12:28:00.000000000,1.00,,,,SPXW__220302P04390000,21,19.40,5,19.80
12:29:00.000000000,1.00,,,,SPXW__220302P04390000,12,18.60,27,19.00
12:30:00.000000000,1.00,,,,SPXW__220302P04390000,5,17.90,13,18.30
12:31:00.000000000,1.00,,,,SPXW__220302P04390000,38,17.50,6,17.90
12:32:00.000000000,1.00,,,,SPXW__220302P04390000,8,17.40,15,17.90
12:33:00.000000000,1.00,,,,SPXW__220302P04390000,46,16.70,1,17.10
12:34:00.000000000,1.00,0.00,,,SPXW__220302P04390000,49,17.00,18,17.40
12:35:00.000000000,1.00,0.00,,,SPXW__220302P04390000,24,18.50,24,18.90
12:36:00.000000000,1.00,,,,SPXW__220302P04390000,12,16.50,43,16.90
12:37:00.000000000,1.00,,,,SPXW__220302P04390000,9,16.70,2,17.00
12:38:00.000000000,0.89,0.11,,0.01,SPXW__220302P04390000,69,16.50,51,16.80
12:39:00.000000000,0.96,0.04,,,SPXW__220302P04390000,34,16.10,38,16.50
12:40:00.000000000,0.93,0.01,,0.06,SPXW__220302P04390000,9,16.80,25,17.20
12:41:00.000000000,0.98,,,0.02,SPXW__220302P04390000,39,16.30,42,16.70
12:42:00.000000000,0.76,0.05,,0.19,SPXW__220302P04390000,7,17.40,1,17.70
12:43:00.000000000,1.00,,,,SPXW__220302P04390000,7,16.70,24,17.10
12:44:00.000000000,0.95,0.05,,,SPXW__220302P04390000,1,16.00,6,16.30
12:45:00.000000000,0.77,0.23,,,SPXW__220302P04390000,105,15.90,23,16.30
12:46:00.000000000,0.74,0.26,,,SPXW__220302P04390000,50,15.40,37,15.80
12:47:00.000000000,0.96,0.00,,0.03,SPXW__220302P04390000,28,16.90,117,17.30
12:48:00.000000000,0.79,,,0.21,SPXW__220302P04390000,1,16.50,8,16.80
12:49:00.000000000,0.98,0.00,,0.01,SPXW__220302P04390000,17,16.30,34,16.70
12:50:00.000000000,0.97,,,0.03,SPXW__220302P04390000,13,19.20,13,19.80
12:51:00.000000000,1.00,0.00,,,SPXW__220302P04390000,6,19.50,33,19.90
12:52:00.000000000,1.00,,,,SPXW__220302P04390000,44,17.50,26,18.00
12:53:00.000000000,1.00,,,,SPXW__220302P04390000,9,16.10,36,16.50
12:54:00.000000000,1.00,,,,SPXW__220302P04390000,30,16.40,23,16.80
12:55:00.000000000,1.00,,,,SPXW__220302P04390000,42,17.30,7,17.70
12:56:00.000000000,0.99,0.01,,,SPXW__220302P04390000,20,18.40,30,18.90
12:57:00.000000000,0.99,0.01,,,SPXW__220302P04390000,25,17.80,21,18.30
12:58:00.000000000,1.00,,,,SPXW__220302P04390000,1,17.80,36,18.30
12:59:00.000000000,1.00,,,,SPXW__220302P04390000,7,16.30,37,16.70
13:00:00.000000000,0.76,0.21,0.01,0.03,SPXW__220302P04390000,100,15.00,2,15.30
13:01:00.000000000,0.88,0.12,,,SPXW__220302P04390000,13,13.80,5,14.10
13:02:00.000000000,1.00,0.00,,,SPXW__220302P04390000,47,12.70,12,13.00
13:03:00.000000000,0.94,0.06,,,SPXW__220302P04390000,4,12.50,4,12.80
13:04:00.000000000,0.94,0.06,,,SPXW__220302P04390000,7,11.70,32,12.00
13:05:00.000000000,1.00,,,,SPXW__220302P04390000,63,11.10,7,11.40
13:06:00.000000000,0.94,0.02,0.01,0.03,SPXW__220302P04390000,59,11.80,2,12.10
13:07:00.000000000,0.91,0.04,,0.06,SPXW__220302P04390000,9,10.70,2,10.90
13:08:00.000000000,0.85,0.14,,0.01,SPXW__220302P04390000,27,10.80,37,11.20
13:09:00.000000000,0.87,0.00,,0.13,SPXW__220302P04390000,52,11.20,9,11.50
13:10:00.000000000,0.88,0.08,,0.04,SPXW__220302P04390000,65,10.00,63,10.40
13:11:00.000000000,0.80,0.20,,,SPXW__220302P04390000,54,9.80,24,10.10
13:12:00.000000000,0.93,0.07,,,SPXW__220302P04390000,51,9.80,33,10.10
13:13:00.000000000,0.86,0.02,,0.12,SPXW__220302P04390000,19,10.60,58,10.90
13:14:00.000000000,0.79,0.21,,0.00,SPXW__220302P04390000,3,10.20,2,10.60
13:15:00.000000000,0.98,0.00,,0.01,SPXW__220302P04390000,33,10.10,44,10.40
13:16:00.000000000,0.82,0.06,0.00,0.12,SPXW__220302P04390000,60,10.30,54,10.70
13:17:00.000000000,0.82,0.10,,0.08,SPXW__220302P04390000,2,10.70,50,11.00
13:18:00.000000000,0.95,0.05,,0.00,SPXW__220302P04390000,2,10.90,20,11.20
13:19:00.000000000,1.00,,,0.00,SPXW__220302P04390000,39,11.00,18,11.30
13:20:00.000000000,0.86,0.14,,,SPXW__220302P04390000,22,10.50,43,10.80
13:21:00.000000000,0.82,0.18,,,SPXW__220302P04390000,39,10.20,61,10.50
13:22:00.000000000,0.90,,,0.10,SPXW__220302P04390000,11,11.00,15,11.30
13:23:00.000000000,0.80,0.01,,0.19,SPXW__220302P04390000,47,11.30,62,11.70
13:24:00.000000000,0.97,0.01,,0.02,SPXW__220302P04390000,2,12.20,7,12.40
13:25:00.000000000,0.86,0.06,,0.08,SPXW__220302P04390000,16,10.70,26,11.00
13:26:00.000000000,0.95,,,0.05,SPXW__220302P04390000,59,10.70,61,11.10
13:27:00.000000000,1.00,,,,SPXW__220302P04390000,13,10.90,48,11.20
13:28:00.000000000,0.98,0.02,,,SPXW__220302P04390000,29,10.60,77,11.00
13:29:00.000000000,0.98,0.02,,,SPXW__220302P04390000,13,11.30,43,11.60
13:30:00.000000000,0.96,0.04,,,SPXW__220302P04390000,23,10.00,2,10.20
13:31:00.000000000,0.55,0.45,,,SPXW__220302P04390000,31,9.50,16,9.70
13:32:00.000000000,0.69,0.21,0.02,0.08,SPXW__220302P04390000,15,9.20,100,9.50
13:33:00.000000000,0.97,0.03,,,SPXW__220302P04390000,56,8.20,54,8.50
13:34:00.000000000,0.89,0.11,,,SPXW__220302P04390000,18,8.50,34,8.70
13:35:00.000000000,0.61,0.25,0.06,0.08,SPXW__220302P04390000,23,8.70,6,8.90
13:36:00.000000000,0.74,0.08,,0.18,SPXW__220302P04390000,50,8.50,77,8.80
13:37:00.000000000,0.81,0.00,,0.19,SPXW__220302P04390000,54,8.60,87,8.90
13:38:00.000000000,0.95,0.05,,,SPXW__220302P04390000,90,8.80,87,9.20
13:39:00.000000000,0.85,0.14,,0.00,SPXW__220302P04390000,77,8.00,54,8.30
13:40:00.000000000,0.98,0.01,,0.01,SPXW__220302P04390000,90,8.80,55,9.10
13:41:00.000000000,0.86,0.04,0.02,0.09,SPXW__220302P04390000,30,9.90,4,10.10
13:42:00.000000000,0.83,0.07,0.00,0.10,SPXW__220302P04390000,82,9.30,28,9.60
13:43:00.000000000,0.75,0.25,,,SPXW__220302P04390000,17,8.60,62,8.90
13:44:00.000000000,0.92,0.05,,0.03,SPXW__220302P04390000,61,8.90,45,9.20
13:45:00.000000000,0.94,0.00,,0.05,SPXW__220302P04390000,16,9.30,17,9.50
13:46:00.000000000,0.87,0.04,,0.09,SPXW__220302P04390000,36,9.60,84,9.90
13:47:00.000000000,0.83,,,0.17,SPXW__220302P04390000,32,9.80,84,10.10
13:48:00.000000000,0.96,0.00,,0.04,SPXW__220302P04390000,57,10.30,10,10.60
13:49:00.000000000,0.85,0.12,,0.03,SPXW__220302P04390000,10,11.50,49,11.80
13:50:00.000000000,0.85,0.02,,0.13,SPXW__220302P04390000,21,11.20,15,11.50
13:51:00.000000000,1.00,,,,SPXW__220302P04390000,7,10.30,2,10.60
13:52:00.000000000,0.99,0.00,,0.01,SPXW__220302P04390000,2,9.50,35,9.70
13:53:00.000000000,0.73,0.21,,0.06,SPXW__220302P04390000,38,9.80,60,10.10
13:54:00.000000000,1.00,,,,SPXW__220302P04390000,65,9.50,2,9.80
13:55:00.000000000,1.00,0.00,,0.00,SPXW__220302P04390000,40,8.80,16,9.10
13:56:00.000000000,0.95,0.05,,,SPXW__220302P04390000,61,8.90,27,9.20
13:57:00.000000000,0.98,0.02,,,SPXW__220302P04390000,45,8.70,32,9.00
13:58:00.000000000,0.82,0.00,,0.18,SPXW__220302P04390000,31,9.50,7,9.80
13:59:00.000000000,0.83,0.17,,,SPXW__220302P04390000,1,9.70,61,9.90
14:00:00.000000000,0.93,0.03,,0.04,SPXW__220302P04390000,16,10.10,41,10.40
14:01:00.000000000,0.55,0.17,0.05,0.22,SPXW__220302P04390000,88,8.80,32,9.10
14:02:00.000000000,0.82,0.08,,0.09,SPXW__220302P04390000,13,9.00,64,9.30
14:03:00.000000000,0.95,0.05,,0.00,SPXW__220302P04390000,58,8.20,4,8.50
14:04:00.000000000,0.31,0.64,0.05,0.01,SPXW__220302P04390000,71,8.00,12,8.30
14:05:00.000000000,0.77,0.23,,,SPXW__220302P04390000,56,8.50,26,8.80
14:06:00.000000000,0.46,0.54,,,SPXW__220302P04390000,35,8.10,3,8.30
14:07:00.000000000,0.92,0.08,,,SPXW__220302P04390000,89,7.90,25,8.20
14:08:00.000000000,0.65,0.26,0.04,0.05,SPXW__220302P04390000,101,7.30,29,7.60
14:09:00.000000000,0.83,0.17,,0.00,SPXW__220302P04390000,2,8.00,11,8.30
14:10:00.000000000,1.00,,,0.00,SPXW__220302P04390000,69,7.80,41,8.10
14:11:00.000000000,0.62,0.38,,,SPXW__220302P04390000,32,7.60,17,7.80
14:12:00.000000000,0.50,0.49,,0.01,SPXW__220302P04390000,10,7.10,35,7.30
14:13:00.000000000,0.65,0.23,0.11,0.01,SPXW__220302P04390000,9,7.20,17,7.40
14:14:00.000000000,0.68,0.10,,0.22,SPXW__220302P04390000,37,8.10,46,8.40
14:15:00.000000000,0.94,0.00,,0.06,SPXW__220302P04390000,17,8.10,102,8.40
14:16:00.000000000,0.85,0.11,,0.05,SPXW__220302P04390000,40,8.00,71,8.30
14:17:00.000000000,0.91,0.03,,0.06,SPXW__220302P04390000,82,8.00,26,8.30
14:18:00.000000000,0.82,0.18,,,SPXW__220302P04390000,18,7.90,6,8.10
14:19:00.000000000,0.81,0.13,,0.06,SPXW__220302P04390000,17,7.90,82,8.10
14:20:00.000000000,0.96,0.04,,,SPXW__220302P04390000,71,7.10,18,7.30
14:21:00.000000000,0.79,0.00,,0.21,SPXW__220302P04390000,6,9.00,49,9.20
14:22:00.000000000,0.97,0.01,,0.02,SPXW__220302P04390000,86,10.00,16,10.30
14:23:00.000000000,0.92,0.08,,0.00,SPXW__220302P04390000,67,10.30,17,10.60
14:24:00.000000000,0.69,0.11,0.07,0.12,SPXW__220302P04390000,44,10.20,200,10.40
14:25:00.000000000,0.59,0.00,0.00,0.41,SPXW__220302P04390000,8,11.70,36,12.00
14:26:00.000000000,0.98,,,0.02,SPXW__220302P04390000,40,11.30,5,11.60
14:27:00.000000000,1.00,0.00,,0.00,SPXW__220302P04390000,58,12.10,31,12.50
14:28:00.000000000,0.92,0.01,,0.07,SPXW__220302P04390000,51,11.20,13,11.60
14:29:00.000000000,0.99,0.01,,0.00,SPXW__220302P04390000,69,10.70,28,11.10
14:30:00.000000000,0.84,0.05,,0.11,SPXW__220302P04390000,57,12.40,31,12.80
14:31:00.000000000,0.86,0.14,,,SPXW__220302P04390000,20,12.00,2,12.30
14:32:00.000000000,1.00,,,,SPXW__220302P04390000,60,11.20,14,11.50
14:33:00.000000000,1.00,,,0.00,SPXW__220302P04390000,43,10.60,26,10.90
14:34:00.000000000,0.85,0.15,0.00,,SPXW__220302P04390000,45,10.70,33,11.00
14:35:00.000000000,1.00,,,,SPXW__220302P04390000,39,9.30,22,9.50
14:36:00.000000000,0.93,0.07,,,SPXW__220302P04390000,5,9.30,11,9.50
14:37:00.000000000,0.98,0.02,,,SPXW__220302P04390000,10,9.20,35,9.50
14:38:00.000000000,0.95,0.05,,,SPXW__220302P04390000,2,9.80,48,10.00
14:39:00.000000000,0.76,0.12,0.02,0.10,SPXW__220302P04390000,17,9.10,48,9.40
14:40:00.000000000,0.98,0.02,,,SPXW__220302P04390000,64,8.50,23,8.80
14:41:00.000000000,0.96,0.01,,0.02,SPXW__220302P04390000,2,8.00,51,8.20
14:42:00.000000000,0.90,0.10,,,SPXW__220302P04390000,2,7.60,37,7.80
14:43:00.000000000,0.94,0.06,,,SPXW__220302P04390000,66,7.50,67,7.80
14:44:00.000000000,0.47,0.45,,0.07,SPXW__220302P04390000,14,6.90,51,7.10
14:45:00.000000000,0.95,0.00,,0.05,SPXW__220302P04390000,68,7.00,47,7.30
14:46:00.000000000,0.95,0.05,,,SPXW__220302P04390000,33,7.70,73,8.00
14:47:00.000000000,0.69,0.24,0.04,0.04,SPXW__220302P04390000,1,9.00,5,9.20
14:48:00.000000000,0.74,0.14,0.03,0.09,SPXW__220302P04390000,16,8.70,38,8.90
14:49:00.000000000,0.91,0.07,,0.03,SPXW__220302P04390000,48,8.10,55,8.40
14:50:00.000000000,0.99,0.01,,,SPXW__220302P04390000,31,6.60,10,6.80
14:51:00.000000000,1.00,,,,SPXW__220302P04390000,15,6.80,74,7.10
14:52:00.000000000,0.86,0.00,0.00,0.14,SPXW__220302P04390000,16,10.10,16,10.60
14:53:00.000000000,0.93,0.00,,0.07,SPXW__220302P04390000,36,9.30,36,9.60
14:54:00.000000000,0.72,0.01,,0.26,SPXW__220302P04390000,23,11.10,25,11.50
14:55:00.000000000,0.95,0.04,0.00,0.01,SPXW__220302P04390000,22,10.80,47,11.20
14:56:00.000000000,0.87,0.04,0.00,0.09,SPXW__220302P04390000,41,11.40,38,11.80
14:57:00.000000000,0.75,0.17,,0.08,SPXW__220302P04390000,53,11.90,23,12.30
14:58:00.000000000,0.88,0.01,,0.11,SPXW__220302P04390000,31,12.80,35,13.20
14:59:00.000000000,0.99,0.00,,0.01,SPXW__220302P04390000,9,12.00,20,12.40
15:00:00.000000000,0.92,0.04,,0.04,SPXW__220302P04390000,43,11.30,1,11.60
15:01:00.000000000,0.59,0.11,0.06,0.24,SPXW__220302P04390000,35,9.20,21,9.40
15:02:00.000000000,0.99,0.01,,0.00,SPXW__220302P04390000,30,8.60,60,8.90
15:03:00.000000000,0.96,0.04,,0.00,SPXW__220302P04390000,16,6.70,22,7.20
15:04:00.000000000,0.99,0.01,,,SPXW__220302P04390000,4,7.40,26,7.70
15:05:00.000000000,0.99,0.00,,0.00,SPXW__220302P04390000,11,7.80,28,8.10
15:06:00.000000000,0.91,0.06,,0.03,SPXW__220302P04390000,29,7.30,2,7.60
15:07:00.000000000,0.92,0.06,,0.02,SPXW__220302P04390000,67,7.40,25,7.60
15:08:00.000000000,0.82,0.07,,0.11,SPXW__220302P04390000,14,9.20,16,9.40
15:09:00.000000000,0.99,,,0.01,SPXW__220302P04390000,11,8.70,9,8.90
15:10:00.000000000,0.91,0.02,,0.07,SPXW__220302P04390000,9,8.30,16,8.50
15:11:00.000000000,0.99,0.00,,0.01,SPXW__220302P04390000,18,8.70,4,9.00
15:12:00.000000000,0.89,0.10,,0.01,SPXW__220302P04390000,26,9.30,36,9.60
15:13:00.000000000,0.83,0.17,,0.00,SPXW__220302P04390000,15,8.90,2,9.10
15:14:00.000000000,0.87,,,0.13,SPXW__220302P04390000,27,10.50,20,10.90
15:15:00.000000000,0.93,0.00,,0.06,SPXW__220302P04390000,38,11.20,13,11.60
15:16:00.000000000,0.92,0.06,,0.01,SPXW__220302P04390000,12,10.70,14,11.10
15:17:00.000000000,0.95,0.05,,0.00,SPXW__220302P04390000,28,10.00,32,10.50
15:18:00.000000000,1.00,,,,SPXW__220302P04390000,5,10.90,25,11.30
15:19:00.000000000,0.88,0.04,,0.08,SPXW__220302P04390000,14,8.70,49,9.10
15:20:00.000000000,0.90,0.00,,0.10,SPXW__220302P04390000,3,11.20,10,11.70
15:21:00.000000000,0.90,0.08,,0.02,SPXW__220302P04390000,2,8.50,2,8.80
15:22:00.000000000,0.76,0.19,0.00,0.05,SPXW__220302P04390000,15,7.60,31,8.00
15:23:00.000000000,1.00,,,0.00,SPXW__220302P04390000,2,8.10,15,8.30
15:24:00.000000000,0.95,0.01,,0.03,SPXW__220302P04390000,33,8.50,30,8.80
15:25:00.000000000,0.96,0.03,,0.01,SPXW__220302P04390000,46,8.50,44,8.90
15:26:00.000000000,0.96,0.04,,0.00,SPXW__220302P04390000,32,7.00,35,7.30
15:27:00.000000000,0.97,0.02,,0.01,SPXW__220302P04390000,11,7.40,14,7.70
15:28:00.000000000,0.98,0.02,,,SPXW__220302P04390000,14,7.10,57,7.40
15:29:00.000000000,0.84,0.03,0.02,0.11,SPXW__220302P04390000,2,6.10,28,6.30
15:30:00.000000000,0.74,0.26,,,SPXW__220302P04390000,20,5.50,17,5.70
15:31:00.000000000,0.81,0.04,0.01,0.15,SPXW__220302P04390000,64,5.40,24,5.70
15:32:00.000000000,0.73,0.01,,0.26,SPXW__220302P04390000,17,4.90,39,5.20
15:33:00.000000000,0.96,0.01,,0.04,SPXW__220302P04390000,17,4.70,79,5.00
15:34:00.000000000,0.96,0.03,,0.01,SPXW__220302P04390000,50,4.10,46,4.40
15:35:00.000000000,0.87,0.13,,0.00,SPXW__220302P04390000,45,4.00,58,4.30
15:36:00.000000000,0.56,0.43,,0.01,SPXW__220302P04390000,67,4.20,51,4.50
15:37:00.000000000,0.68,0.24,0.06,0.02,SPXW__220302P04390000,18,3.60,11,3.80
15:38:00.000000000,0.63,0.37,,,SPXW__220302P04390000,1,4.10,46,4.30
15:39:00.000000000,0.80,0.16,0.00,0.03,SPXW__220302P04390000,13,4.80,2,5.00
15:40:00.000000000,0.89,0.06,,0.05,SPXW__220302P04390000,52,4.10,13,4.40
15:41:00.000000000,0.89,0.08,,0.03,SPXW__220302P04390000,4,4.60,20,4.90
15:42:00.000000000,0.93,0.07,,,SPXW__220302P04390000,18,4.70,43,5.00
15:43:00.000000000,0.82,0.07,0.01,0.10,SPXW__220302P04390000,4,4.80,10,5.10
15:44:00.000000000,0.82,0.16,,0.02,SPXW__220302P04390000,14,4.00,14,4.30
15:45:00.000000000,0.77,0.14,0.00,0.09,SPXW__220302P04390000,1,3.30,17,3.50
15:46:00.000000000,0.64,0.31,0.00,0.04,SPXW__220302P04390000,52,2.70,24,2.95
15:47:00.000000000,0.95,0.05,,,SPXW__220302P04390000,31,3.00,24,3.30
15:48:00.000000000,0.84,0.06,,0.10,SPXW__220302P04390000,45,2.40,10,2.65
15:49:00.000000000,0.85,0.10,0.00,0.05,SPXW__220302P04390000,29,1.80,14,2.40
15:50:00.000000000,0.90,0.03,0.02,0.06,SPXW__220302P04390000,16,1.85,1,2.15
15:51:00.000000000,0.69,0.22,,0.09,SPXW__220302P04390000,31,1.25,53,1.55
15:52:00.000000000,0.93,0.01,,0.05,SPXW__220302P04390000,56,1.35,35,1.60
15:53:00.000000000,0.79,0.09,,0.12,SPXW__220302P04390000,16,1.60,1,1.80
15:54:00.000000000,0.60,0.21,0.01,0.18,SPXW__220302P04390000,31,1.50,33,1.75
15:55:00.000000000,0.81,0.07,0.01,0.11,SPXW__220302P04390000,37,3.50,2,3.60
15:56:00.000000000,0.69,0.05,0.04,0.22,SPXW__220302P04390000,9,3.70,30,4.20
15:57:00.000000000,0.62,0.10,0.02,0.26,SPXW__220302P04390000,1,5.30,1,5.90
15:58:00.000000000,0.67,0.13,0.00,0.20,SPXW__220302P04390000,1,6.00,1,6.70
15:59:00.000000000,0.53,0.11,0.25,0.11,SPXW__220302P04390000,9,3.30,1,7.00
16:00:00.000000000,,,1.00,,SPXW__220302P04390000,9,3.30,1,7.00
16:01:00.000000000,,,,,,,,,
